{ "vec_doubles" : [1.300000,2.100000,3.200000],
  "palabras" : ["Hola", "Mundo"],
  "listas" : [
	   [1,2],
	   [3,4]
	  ]
}
